date,max_temp_C,min_temp_C,rain_mm
1853-01-01,8.4,2.7,62.8
1853-02-01,3.2,-1.8,29.3
1853-03-01,7.7,-0.6,25.9
1853-04-01,12.6,4.5,60.1
1853-05-01,16.8,6.1,59.5
1853-06-01,20.1,10.7,82.0
1853-07-01,21.2,12.2,86.2
1853-08-01,20.2,10.8,72.3
1853-09-01,17.3,8.4,51.3
1853-10-01,13.9,7.4,102.3
1853-11-01,8.7,2.3,49.6
1853-12-01,3.7,-1.3,10.7
1854-01-01,6.7,1.5,54.5
1854-02-01,8.0,0.6,22.6
1854-03-01,11.2,2.2,10.6
1854-04-01,15.0,3.5,19.9
1854-05-01,16.2,5.7,82.1
1854-06-01,18.6,9.7,45.2
1854-07-01,21.7,11.6,37.2
1854-08-01,20.9,10.7,45.4
1854-09-01,20.2,8.4,11.4
1854-10-01,13.9,5.6,57.7
1854-11-01,8.2,2.0,32.4
1854-12-01,8.3,2.1,30.7
1855-01-01,4.4,-0.4,6.9
1855-02-01,1.7,-4.5,33.7
1855-03-01,7.7,0.1,56.0
1855-04-01,13.0,2.7,10.6
1855-05-01,15.0,4.9,45.1
1855-06-01,19.4,9.3,60.0
1855-07-01,22.8,13.4,129.3
1855-08-01,21.7,12.2,42.6
1855-09-01,19.0,10.4,59.7
1855-10-01,14.0,8.2,143.1
1855-11-01,7.9,3.4,25.2
1855-12-01,5.7,-0.1,28.1
1856-01-01,6.8,2.0,74.7
1856-02-01,8.2,3.0,33.4
1856-03-01,7.9,0.6,23.9
1856-04-01,12.9,4.1,64.9
1856-05-01,14.0,5.7,110.1
1856-06-01,20.2,9.5,64.8
1856-07-01,22.2,11.3,15.8
1856-08-01,22.7,12.5,81.8
1856-09-01,16.8,8.5,80.3
1856-10-01,13.9,6.9,60.3
1856-11-01,8.1,2.3,24.2
1856-12-01,7.3,1.4,52.0
1857-01-01,5.1,-0.6,80.7
1857-02-01,7.6,0.4,8.2
1857-03-01,9.1,1.8,39.2
1857-04-01,11.9,3.7,51.3
1857-05-01,16.5,6.3,30.3
1857-06-01,22.0,10.6,77.0
1857-07-01,22.0,12.7,80.5
1857-08-01,22.8,13.2,93.5
1857-09-01,19.0,11.2,99.0
1857-10-01,14.6,7.8,116.3
1857-11-01,10.2,4.5,42.6
1857-12-01,9.6,4.5,16.8
1858-01-01,6.4,-0.1,17.3
1858-02-01,4.7,-1.2,45.0
1858-03-01,9.4,1.1,20.4
1858-04-01,13.1,4.0,90.1
1858-05-01,15.9,6.2,59.5
1858-06-01,23.6,11.9,40.4
1858-07-01,20.8,10.6,58.3
1858-08-01,21.4,11.3,36.4
1858-09-01,19.5,11.2,63.4
1858-10-01,13.4,6.9,50.4
1858-11-01,7.4,0.8,17.9
1858-12-01,7.2,2.4,54.5
1859-01-01,7.5,1.8,20.8
1859-02-01,9.4,2.7,43.1
1859-03-01,11.2,4.7,38.2
1859-04-01,12.3,3.5,63.9
1859-05-01,16.6,6.7,47.3
1859-06-01,20.7,11.1,57.4
1859-07-01,25.1,13.7,71.2
1859-08-01,21.8,12.5,97.2
1859-09-01,17.4,9.4,89.8
1859-10-01,13.7,6.6,76.3
1859-11-01,8.5,1.5,52.8
1859-12-01,5.0,-1.1,46.6
1860-01-01,6.8,0.8,82.8
1860-02-01,5.2,-1.6,32.6
1860-03-01,8.4,1.9,48.4
1860-04-01,10.6,1.7,14.8
1860-05-01,17.0,7.7,70.9
1860-06-01,17.0,9.5,129.8
1860-07-01,19.3,10.3,60.8
1860-08-01,17.9,10.9,96.7
1860-09-01,15.6,7.0,64.0
1860-10-01,13.4,7.3,39.9
1860-11-01,7.4,2.1,82.1
1860-12-01,4.4,0.0,66.6
1861-01-01,3.8,-0.7,16.8
1861-02-01,7.9,3.1,48.0
1861-03-01,10.1,3.4,43.1
1861-04-01,11.8,3.0,17.7
1861-05-01,16.1,6.5,34.9
1861-06-01,20.0,11.2,79.9
1861-07-01,19.7,12.0,130.8
1861-08-01,21.6,12.7,15.1
1861-09-01,17.9,9.9,49.6
1861-10-01,16.2,9.5,40.8
1861-11-01,8.4,1.6,78.4
1861-12-01,7.0,1.5,41.9
1862-01-01,6.6,2.2,62.2
1862-02-01,7.3,3.4,7.3
1862-03-01,9.4,3.9,138.9
1862-04-01,12.9,6.2,57.6
1862-05-01,17.6,9.2,95.5
1862-06-01,18.1,9.6,56.8
1862-07-01,19.9,10.6,44.8
1862-08-01,20.0,10.5,44.7
1862-09-01,18.2,9.9,55.1
1862-10-01,14.5,7.6,73.1
1862-11-01,6.7,0.4,25.3
1862-12-01,9.2,3.8,36.0
1863-01-01,7.7,2.5,82.1
1863-02-01,9.1,2.7,17.1
1863-03-01,10.8,1.9,17.3
1863-04-01,14.2,4.7,35.5
1863-05-01,16.4,6.0,23.2
1863-06-01,19.3,9.6,86.6
1863-07-01,21.8,9.5,17.0
1863-08-01,21.2,11.9,67.1
1863-09-01,15.8,7.6,70.3
1863-10-01,14.1,7.0,75.5
1863-11-01,10.3,4.6,51.1
1863-12-01,9.1,3.3,27.7
1864-01-01,4.8,-0.2,25.0
1864-02-01,5.5,0.0,36.9
1864-03-01,9.6,1.4,62.7
1864-04-01,14.2,4.3,41.4
1864-05-01,18.2,7.9,54.8
1864-06-01,19.8,9.8,25.6
1864-07-01,22.8,10.3,12.0
1864-08-01,21.0,8.8,19.8
1864-09-01,18.3,9.4,74.9
1864-10-01,13.6,6.8,39.8
1864-11-01,8.9,2.0,59.4
1864-12-01,5.6,1.3,9.5
1865-01-01,4.7,-0.9,78.1
1865-02-01,5.0,0.2,52.9
1865-03-01,6.0,-0.2,24.9
1865-04-01,17.2,5.4,23.3
1865-05-01,18.4,8.1,55.8
1865-06-01,21.9,10.8,89.1
1865-07-01,22.3,12.5,71.1
1865-08-01,20.0,10.8,79.0
1865-09-01,22.3,10.9,4.7
1865-10-01,14.6,6.1,137.7
1865-11-01,10.3,4.0,65.7
1865-12-01,8.4,3.4,49.8
1866-01-01,8.6,3.4,73.1
1866-02-01,7.9,1.3,73.2
1866-03-01,8.4,1.8,42.7
1866-04-01,13.6,4.7,52.2
1866-05-01,15.7,4.8,42.6
1866-06-01,21.9,11.1,81.7
1866-07-01,21.7,11.2,50.4
1866-08-01,19.8,11.3,75.1
1866-09-01,17.0,10.3,145.4
1866-10-01,14.2,8.0,53.4
1866-11-01,10.7,3.7,38.8
1866-12-01,9.2,3.3,51.6
1867-01-01,4.6,-1.1,65.8
1867-02-01,10.1,4.4,39.3
1867-03-01,6.0,0.5,73.4
1867-04-01,14.0,6.6,66.1
1867-05-01,16.8,6.8,63.9
1867-06-01,20.0,9.6,49.1
1867-07-01,20.3,10.5,99.7
1867-08-01,21.5,11.8,60.8
1867-09-01,18.4,9.6,41.6
1867-10-01,13.5,6.3,72.5
1867-11-01,8.4,1.6,24.4
1867-12-01,6.2,0.1,35.7
1868-01-01,5.9,1.7,87.2
1868-02-01,9.8,3.3,42.3
1868-03-01,11.1,2.9,38.7
1868-04-01,14.1,4.6,39.7
1868-05-01,20.4,7.8,14.9
1868-06-01,23.6,9.4,23.6
1868-07-01,25.8,12.7,47.5
1868-08-01,22.1,12.5,85.8
1868-09-01,19.7,9.4,101.3
1868-10-01,12.7,5.0,57.0
1868-11-01,7.9,2.6,30.7
1868-12-01,10.4,5.2,105.3
1869-01-01,8.2,3.0,96.3
1869-02-01,10.5,5.1,55.2
1869-03-01,7.1,1.1,33.1
1869-04-01,16.0,6.0,29.8
1869-05-01,15.5,6.5,75.9
1869-06-01,18.9,8.8,36.2
1869-07-01,24.1,12.4,27.0
1869-08-01,21.5,10.7,33.6
1869-09-01,19.0,11.3,112.1
1869-10-01,13.9,6.1,28.1
1869-11-01,10.0,3.2,61.3
1869-12-01,5.6,1.0,87.5
1870-01-01,5.9,1.3,30.2
1870-02-01,5.1,0.8,48.7
1870-03-01,8.3,1.5,42.6
1870-04-01,15.6,3.7,13.5
1870-05-01,18.0,6.3,26.3
1870-06-01,22.3,11.2,17.3
1870-07-01,24.9,13.0,22.6
1870-08-01,21.4,10.6,59.8
1870-09-01,18.3,8.2,33.8
1870-10-01,14.1,6.7,74.6
1870-11-01,8.3,2.1,29.6
1870-12-01,3.2,-2.3,50.9
1871-01-01,2.7,-1.2,28.2
1871-02-01,9.0,3.8,25.1
1871-03-01,11.9,3.2,24.3
1871-04-01,13.8,5.3,67.1
1871-05-01,17.0,5.8,11.0
1871-06-01,17.5,9.0,81.3
1871-07-01,21.1,11.9,96.3
1871-08-01,23.8,12.0,13.0
1871-09-01,17.9,9.6,118.8
1871-10-01,14.1,6.0,30.4
1871-11-01,6.4,0.2,18.4
1871-12-01,6.0,0.9,27.4
1872-01-01,7.9,2.6,103.7
1872-02-01,10.1,4.7,38.6
1872-03-01,11.2,3.6,49.1
1872-04-01,13.9,4.5,48.0
1872-05-01,15.2,5.9,65.2
1872-06-01,20.4,10.2,74.1
1872-07-01,23.7,12.9,75.9
1872-08-01,21.0,11.3,30.1
1872-09-01,18.3,10.0,25.5
1872-10-01,12.6,5.2,74.4
1872-11-01,10.1,4.6,80.8
1872-12-01,7.9,3.5,96.9
1873-01-01,7.8,3.2,56.3
1873-02-01,4.2,-0.1,40.9
1873-03-01,9.7,2.2,60.1
1873-04-01,12.8,3.9,12.2
1873-05-01,16.1,5.4,59.3
1873-06-01,20.0,10.3,70.7
1873-07-01,22.6,11.8,57.3
1873-08-01,21.6,12.6,66.8
1873-09-01,16.9,7.8,45.9
1873-10-01,12.9,4.7,68.6
1873-11-01,9.6,3.8,43.7
1873-12-01,7.3,2.1,12.3
1874-01-01,8.6,3.0,58.8
1874-02-01,7.1,1.0,43.2
1874-03-01,11.0,3.1,15.8
1874-04-01,15.7,5.4,32.5
1874-05-01,15.7,6.0,39.7
1874-06-01,20.4,9.0,17.6
1874-07-01,25.3,11.8,12.8
1874-08-01,21.2,11.2,45.9
1874-09-01,18.6,10.4,85.7
1874-10-01,14.7,7.8,80.0
1874-11-01,8.7,2.5,64.6
1874-12-01,3.5,-2.3,46.8
1875-01-01,9.3,4.9,90.4
1875-02-01,4.5,-0.4,37.3
1875-03-01,8.6,2.4,28.5
1875-04-01,13.4,3.5,37.6
1875-05-01,18.3,7.8,45.1
1875-06-01,20.6,10.5,75.8
1875-07-01,19.9,11.1,119.2
1875-08-01,21.9,12.8,45.9
1875-09-01,20.1,11.4,51.9
1875-10-01,12.6,6.4,192.9
1875-11-01,8.4,3.6,97.2
1875-12-01,6.2,2.4,22.5
1876-01-01,5.5,0.6,43.9
1876-02-01,8.1,3.0,72.8
1876-03-01,8.6,1.9,87.4
1876-04-01,13.0,4.8,73.3
1876-05-01,15.4,4.7,20.4
1876-06-01,20.8,10.0,52.8
1876-07-01,24.5,13.1,21.8
1876-08-01,23.8,11.9,68.3
1876-09-01,17.4,9.8,148.6
1876-10-01,14.8,8.8,25.9
1876-11-01,9.7,4.1,83.2
1876-12-01,8.8,4.9,130.2
1877-01-01,9.3,3.2,118.5
1877-02-01,9.4,4.0,39.9
1877-03-01,9.0,2.2,50.5
1877-04-01,12.1,4.3,55.0
1877-05-01,14.5,5.5,58.4
1877-06-01,22.2,10.5,25.5
1877-07-01,21.1,11.1,85.4
1877-08-01,20.5,11.9,87.3
1877-09-01,15.9,7.6,63.5
1877-10-01,13.7,5.2,43.1
1877-11-01,10.8,4.3,98.2
1877-12-01,7.8,2.3,44.6
1878-01-01,7.5,2.6,44.3
1878-02-01,8.8,4.2,34.2
1878-03-01,9.5,2.2,19.5
1878-04-01,14.1,5.5,58.4
1878-05-01,17.7,8.4,126.7
1878-06-01,21.1,11.1,49.0
1878-07-01,22.2,12.6,29.1
1878-08-01,21.7,13.1,130.7
1878-09-01,18.1,9.4,34.4
1878-10-01,14.1,7.4,54.1
1878-11-01,6.6,2.6,58.1
1878-12-01,3.1,-2.0,38.6
1879-01-01,1.6,-2.8,76.5
1879-02-01,6.0,1.1,84.6
1879-03-01,8.6,1.1,22.3
1879-04-01,9.5,2.4,62.1
1879-05-01,12.9,5.2,57.6
1879-06-01,17.0,10.2,110.7
1879-07-01,17.5,11.4,86.8
1879-08-01,18.7,11.8,128.7
1879-09-01,16.6,9.5,73.6
1879-10-01,12.2,6.0,18.6
1879-11-01,6.7,0.9,17.4
1879-12-01,3.7,-3.2,18.7
1880-01-01,3.0,-2.5,11.1
1880-02-01,9.0,2.4,60.9
1880-03-01,11.7,2.5,35.3
1880-04-01,12.2,4.7,48.7
1880-05-01,15.9,6.4,21.1
1880-06-01,17.9,10.0,87.6
1880-07-01,19.7,12.2,155.1
1880-08-01,20.5,13.2,12.7
1880-09-01,19.8,11.5,88.6
1880-10-01,12.2,4.9,133.5
1880-11-01,9.8,3.1,47.8
1880-12-01,9.3,3.6,75.7
1881-01-01,1.8,-4.0,31.9
1881-02-01,6.3,1.5,70.2
1881-03-01,10.3,2.1,37.7
1881-04-01,12.9,3.1,19.9
1881-05-01,17.7,6.9,31.9
1881-06-01,19.2,10.3,48.0
1881-07-01,22.7,12.5,63.7
1881-08-01,19.2,10.8,118.2
1881-09-01,17.6,9.5,35.5
1881-10-01,11.9,4.2,42.8
1881-11-01,12.5,6.9,82.0
1881-12-01,7.1,2.1,75.5
1882-01-01,7.7,2.8,28.4
1882-02-01,9.2,3.5,38.8
1882-03-01,12.6,4.0,28.2
1882-04-01,13.7,5.1,99.7
1882-05-01,17.4,7.3,47.0
1882-06-01,17.5,9.7,83.8
1882-07-01,20.0,11.9,82.2
1882-08-01,19.9,11.5,33.8
1882-09-01,17.3,8.3,51.4
1882-10-01,13.6,7.2,147.9
1882-11-01,9.6,3.5,84.8
1882-12-01,7.2,2.5,80.3
1883-01-01,8.2,3.3,57.8
1883-02-01,9.9,4.0,95.1
1883-03-01,7.2,-1.2,24.0
1883-04-01,14.0,4.5,25.7
1883-05-01,16.2,7.1,47.9
1883-06-01,19.6,10.1,91.7
1883-07-01,18.8,11.2,87.9
1883-08-01,21.0,11.8,18.7
1883-09-01,17.5,10.4,98.4
1883-10-01,13.8,7.4,48.2
1883-11-01,10.3,3.3,79.4
1883-12-01,7.3,2.7,11.4
1884-01-01,9.5,5.1,55.7
1884-02-01,8.9,3.1,32.2
1884-03-01,10.9,3.0,39.3
1884-04-01,11.7,3.1,40.2
1884-05-01,17.6,6.6,19.4
1884-06-01,19.5,9.9,54.6
1884-07-01,21.5,12.4,57.5
1884-08-01,23.9,12.0,38.7
1884-09-01,19.7,10.9,31.2
1884-10-01,13.7,6.1,19.4
1884-11-01,8.8,2.6,41.4
1884-12-01,7.3,2.9,51.3
1885-01-01,5.0,0.9,49.4
1885-02-01,9.8,3.8,73.3
1885-03-01,9.4,1.2,29.8
1885-04-01,13.0,3.6,45.0
1885-05-01,13.7,5.3,53.5
1885-06-01,19.8,9.8,39.9
1885-07-01,22.7,11.9,3.1
1885-08-01,18.9,9.9,41.7
1885-09-01,17.1,8.6,111.9
1885-10-01,11.2,4.8,98.4
1885-11-01,8.4,4.0,91.0
1885-12-01,6.4,1.3,24.8
1886-01-01,4.6,-0.5,97.6
1886-02-01,3.3,-1.1,19.9
1886-03-01,7.8,1.5,41.8
1886-04-01,12.9,3.8,59.0
1886-05-01,15.7,7.0,122.3
1886-06-01,18.6,9.5,33.6
1886-07-01,21.8,12.0,93.5
1886-08-01,21.2,12.0,39.7
1886-09-01,19.0,10.3,49.7
1886-10-01,15.1,8.7,88.1
1886-11-01,9.5,3.8,64.3
1886-12-01,5.5,-0.3,120.8
1887-01-01,4.7,-0.5,65.3
1887-02-01,7.5,0.5,15.2
1887-03-01,7.3,-0.1,45.7
1887-04-01,11.6,1.9,29.1
1887-05-01,14.4,6.1,49.9
1887-06-01,21.6,10.2,32.8
1887-07-01,24.0,12.4,18.0
1887-08-01,22.2,10.5,40.5
1887-09-01,16.3,8.1,61.2
1887-10-01,11.5,3.5,53.7
1887-11-01,7.8,2.2,46.0
1887-12-01,5.7,0.3,35.3
1888-01-01,5.6,0.7,19.8
1888-02-01,4.1,-0.7,71.7
1888-03-01,6.9,0.9,77.6
1888-04-01,10.4,3.0,39.5
1888-05-01,16.3,6.3,39.4
1888-06-01,18.3,9.6,77.0
1888-07-01,18.0,10.9,119.6
1888-08-01,19.0,10.5,47.6
1888-09-01,17.6,8.8,33.0
1888-10-01,13.0,3.7,19.5
1888-11-01,10.5,6.0,114.8
1888-12-01,7.6,2.5,56.8
1889-01-01,5.1,-0.1,16.1
1889-02-01,5.8,-0.4,47.7
1889-03-01,9.0,1.4,50.4
1889-04-01,10.9,3.8,79.0
1889-05-01,17.3,8.9,87.4
1889-06-01,20.6,10.9,50.5
1889-07-01,20.0,11.3,72.4
1889-08-01,19.6,10.8,60.7
1889-09-01,17.5,9.1,45.2
1889-10-01,12.8,5.4,62.5
1889-11-01,9.5,4.3,26.5
1889-12-01,5.6,0.1,30.1
1890-01-01,8.7,3.3,51.0
1890-02-01,6.3,0.3,18.7
1890-03-01,10.1,2.6,21.9
1890-04-01,11.9,3.0,25.8
1890-05-01,17.0,6.6,45.2
1890-06-01,19.0,9.7,44.6
1890-07-01,19.3,11.2,77.2
1890-08-01,19.4,10.8,62.7
1890-09-01,20.2,9.9,26.3
1890-10-01,14.0,5.7,33.6
1890-11-01,9.2,3.0,47.1
1890-12-01,0.2,-4.0,13.3
1891-01-01,4.3,-1.9,39.4
1891-02-01,8.9,-0.2,2.5
1891-03-01,7.9,0.9,35.4
1891-04-01,11.2,2.2,24.0
1891-05-01,14.1,5.6,65.8
1891-06-01,19.9,10.4,36.3
1891-07-01,19.3,10.7,62.3
1891-08-01,18.0,10.9,119.7
1891-09-01,18.6,9.8,36.8
1891-10-01,13.2,6.6,150.1
1891-11-01,8.4,3.2,62.6
1891-12-01,7.3,1.6,86.1
1892-01-01,4.8,-0.3,12.0
1892-02-01,6.4,0.9,18.6
1892-03-01,6.9,-0.9,9.5
1892-04-01,14.3,1.7,19.5
1892-05-01,17.1,6.9,32.8
1892-06-01,19.2,8.7,52.7
1892-07-01,18.9,10.3,84.4
1892-08-01,20.4,11.5,78.7
1892-09-01,16.9,8.9,59.1
1892-10-01,11.1,4.0,85.6
1892-11-01,9.4,3.8,49.2
1892-12-01,4.7,-0.6,25.3
1893-01-01,4.4,-0.3,43.1
1893-02-01,8.0,2.5,69.4
1893-03-01,13.7,1.7,9.4
1893-04-01,18.0,3.9,1.5
1893-05-01,19.4,7.7,23.1
1893-06-01,21.8,10.2,19.6
1893-07-01,21.6,12.5,98.9
1893-08-01,23.2,13.0,27.7
1893-09-01,18.6,8.9,16.0
1893-10-01,14.3,6.6,73.5
1893-11-01,8.2,1.7,42.5
1893-12-01,7.8,1.3,47.7
1894-01-01,6.1,1.2,49.6
1894-02-01,8.6,2.2,41.3
1894-03-01,11.8,2.2,45.0
1894-04-01,15.0,5.1,46.9
1894-05-01,14.1,5.3,39.3
1894-06-01,18.2,9.9,74.0
1894-07-01,20.6,12.0,84.8
1894-08-01,18.6,11.0,69.7
1894-09-01,16.0,8.3,47.1
1894-10-01,12.5,6.9,89.4
1894-11-01,10.6,5.4,126.1
1894-12-01,7.5,2.8,52.6
1895-01-01,3.1,-1.8,66.3
1895-02-01,1.8,-5.3,4.4
1895-03-01,10.0,2.0,39.2
1895-04-01,13.1,5.0,46.4
1895-05-01,19.0,7.3,4.6
1895-06-01,21.4,9.8,28.6
1895-07-01,20.4,12.2,91.5
1895-08-01,20.5,12.1,62.5
1895-09-01,22.4,9.9,16.4
1895-10-01,11.6,3.9,76.6
1895-11-01,11.1,5.4,113.5
1895-12-01,6.8,1.9,56.5
1896-01-01,7.2,2.4,16.8
1896-02-01,8.0,1.4,10.1
1896-03-01,11.4,4.3,69.0
1896-04-01,14.0,5.4,17.5
1896-05-01,18.2,6.6,6.1
1896-06-01,21.9,12.0,65.0
1896-07-01,22.8,12.1,37.4
1896-08-01,19.6,10.6,79.8
1896-09-01,17.0,10.7,152.6
1896-10-01,11.5,4.5,81.1
1896-11-01,7.8,1.6,21.8
1896-12-01,6.7,1.7,77.3
1897-01-01,3.9,-0.2,44.7
1897-02-01,8.8,4.1,60.0
1897-03-01,10.6,4.1,73.6
1897-04-01,11.6,4.1,53.5
1897-05-01,15.7,5.7,17.9
1897-06-01,20.6,11.2,74.1
1897-07-01,22.4,12.3,67.1
1897-08-01,20.9,12.1,108.9
1897-09-01,16.7,8.9,59.7
1897-10-01,14.2,6.3,36.0
1897-11-01,10.2,4.3,29.8
1897-12-01,7.6,1.9,65.5
1898-01-01,8.6,4.2,12.8
1898-02-01,8.5,2.0,32.9
1898-03-01,8.5,0.6,17.6
1898-04-01,13.6,3.7,36.0
1898-05-01,14.8,6.8,61.7
1898-06-01,18.8,9.5,34.8
1898-07-01,21.3,11.1,15.2
1898-08-01,22.4,12.5,43.8
1898-09-01,22.2,10.0,10.5
1898-10-01,14.6,8.4,125.6
1898-11-01,10.4,4.7,50.9
1898-12-01,10.1,5.1,65.2
1899-01-01,8.5,2.9,75.3
1899-02-01,9.5,2.1,51.2
1899-03-01,10.6,0.4,7.4
1899-04-01,12.2,5.1,48.8
1899-05-01,15.4,6.2,38.0
1899-06-01,22.0,10.3,20.3
1899-07-01,23.8,13.3,42.9
1899-08-01,24.9,12.3,47.6
1899-09-01,18.6,10.3,58.2
1899-10-01,14.1,4.7,70.1
1899-11-01,11.3,5.4,66.6
1899-12-01,5.0,-0.2,33.2
1900-01-01,7.2,2.1,58.5
1900-02-01,6.0,0.7,107.0
1900-03-01,7.2,0.9,12.9
1900-04-01,13.8,3.8,22.8
1900-05-01,15.2,6.3,34.0
1900-06-01,19.5,10.6,69.4
1900-07-01,24.3,13.4,22.4
1900-08-01,20.4,11.5,79.8
1900-09-01,19.6,9.2,10.4
1900-10-01,14.2,6.7,59.1
1900-11-01,10.3,5.4,42.2
1900-12-01,10.2,5.0,81.9
1901-01-01,6.0,1.0,26.9
1901-02-01,4.9,0.1,32.8
1901-03-01,7.6,1.2,36.1
1901-04-01,14.0,4.3,53.2
1901-05-01,17.4,6.2,31.8
1901-06-01,19.8,9.4,38.6
1901-07-01,23.8,13.2,118.1
1901-08-01,21.4,11.5,54.3
1901-09-01,18.5,10.0,47.0
1901-10-01,14.1,6.2,30.5
1901-11-01,8.1,1.7,13.4
1901-12-01,6.4,0.9,83.5
1902-01-01,7.8,2.6,17.1
1902-02-01,4.7,-0.5,26.9
1902-03-01,11.0,3.8,30.8
1902-04-01,12.7,3.5,30.6
1902-05-01,13.8,5.4,38.6
1902-06-01,18.5,9.8,50.1
1902-07-01,20.5,11.0,15.7
1902-08-01,19.6,11.1,56.0
1902-09-01,18.0,8.5,27.9
1902-10-01,13.0,6.8,39.0
1902-11-01,9.6,4.5,56.8
1902-12-01,7.0,2.5,33.9
1903-01-01,6.9,2.4,65.4
1903-02-01,10.5,4.5,19.8
1903-03-01,11.1,4.3,77.1
1903-04-01,11.0,2.6,58.5
1903-05-01,16.2,7.2,111.0
1903-06-01,17.5,8.9,141.8
1903-07-01,20.7,11.9,88.2
1903-08-01,18.8,10.9,84.7
1903-09-01,17.8,9.7,39.3
1903-10-01,14.0,8.5,163.3
1903-11-01,9.6,3.9,38.2
1903-12-01,5.7,1.6,26.5
1904-01-01,6.8,1.4,79.1
1904-02-01,6.4,1.5,76.0
1904-03-01,8.3,1.6,26.4
1904-04-01,13.8,5.4,20.4
1904-05-01,15.6,7.4,81.7
1904-06-01,18.8,9.2,26.5
1904-07-01,23.2,13.0,85.1
1904-08-01,20.6,11.0,38.7
1904-09-01,17.3,7.9,31.6
1904-10-01,13.5,6.3,21.8
1904-11-01,8.5,2.0,39.5
1904-12-01,6.4,1.6,46.9
1905-01-01,6.3,0.4,19.9
1905-02-01,8.4,3.2,10.2
1905-03-01,11.1,3.9,75.7
1905-04-01,11.5,4.5,49.0
1905-05-01,16.7,6.1,19.5
1905-06-01,19.5,10.9,105.1
1905-07-01,23.3,13.4,4.0
1905-08-01,19.7,11.4,80.4
1905-09-01,16.8,9.4,32.5
1905-10-01,11.4,3.8,35.4
1905-11-01,8.3,2.2,75.5
1905-12-01,7.0,2.2,25.1
1906-01-01,8.4,3.1,89.3
1906-02-01,6.6,0.7,40.4
1906-03-01,9.3,2.1,32.2
1906-04-01,13.8,2.1,9.0
1906-05-01,15.5,7.2,45.0
1906-06-01,20.2,9.3,86.9
1906-07-01,22.2,11.6,26.7
1906-08-01,23.4,12.6,25.4
1906-09-01,20.4,9.4,25.0
1906-10-01,14.9,8.3,104.8
1906-11-01,10.5,4.7,82.4
1906-12-01,6.2,0.6,48.3
1907-01-01,6.3,1.1,15.5
1907-02-01,6.3,0.3,28.6
1907-03-01,12.1,1.8,21.3
1907-04-01,12.6,4.1,57.4
1907-05-01,15.9,7.3,59.6
1907-06-01,16.8,9.5,75.1
1907-07-01,19.2,10.4,86.0
1907-08-01,19.3,11.0,34.9
1907-09-01,19.7,9.0,18.1
1907-10-01,13.7,7.0,135.9
1907-11-01,10.2,4.2,57.5
1907-12-01,7.8,3.0,97.7
1908-01-01,5.5,-0.4,42.4
1908-02-01,8.6,2.7,22.2
1908-03-01,8.3,1.5,67.7
1908-04-01,10.4,2.4,109.4
1908-05-01,17.6,9.0,37.2
1908-06-01,20.5,9.8,43.1
1908-07-01,21.5,12.2,54.2
1908-08-01,20.0,10.7,77.0
1908-09-01,17.0,9.4,41.9
1908-10-01,16.1,8.1,29.7
1908-11-01,11.1,5.0,28.6
1908-12-01,6.5,1.6,49.9
1909-01-01,6.2,1.1,20.9
1909-02-01,6.5,-0.6,10.6
1909-03-01,7.1,1.2,63.7
1909-04-01,15.1,3.5,50.2
1909-05-01,17.3,5.4,48.1
1909-06-01,16.1,8.8,101.4
1909-07-01,19.6,11.7,61.5
1909-08-01,21.2,11.7,83.7
1909-09-01,16.1,9.1,79.1
1909-10-01,14.1,8.1,90.8
1909-11-01,8.3,2.3,16.1
1909-12-01,7.3,1.9,78.4
1910-01-01,6.7,1.6,40.4
1910-02-01,8.6,2.8,74.8
1910-03-01,10.6,1.9,15.4
1910-04-01,11.8,4.2,73.0
1910-05-01,16.5,7.3,52.6
1910-06-01,19.9,11.3,75.7
1910-07-01,18.3,11.1,51.1
1910-08-01,19.5,12.0,48.0
1910-09-01,17.1,9.1,11.2
1910-10-01,14.2,8.5,94.6
1910-11-01,6.9,0.4,78.6
1910-12-01,8.8,4.7,125.9
1911-01-01,6.3,1.3,20.4
1911-02-01,8.0,2.4,35.3
1911-03-01,8.5,2.7,41.7
1911-04-01,12.2,4.2,29.6
1911-05-01,18.6,8.4,56.0
1911-06-01,20.1,10.5,30.2
1911-07-01,26.1,13.1,10.8
1911-08-01,24.9,14.0,26.1
1911-09-01,21.4,9.4,36.5
1911-10-01,13.4,6.7,62.6
1911-11-01,9.3,3.6,61.9
1911-12-01,9.1,4.6,126.9
1912-01-01,6.8,1.7,111.5
1912-02-01,8.8,3.7,54.2
1912-03-01,10.8,5.0,83.3
1912-04-01,14.7,3.8,0.6
1912-05-01,17.5,8.8,55.2
1912-06-01,18.6,10.2,83.0
1912-07-01,21.1,12.5,78.7
1912-08-01,17.1,10.0,123.6
1912-09-01,15.2,7.7,29.8
1912-10-01,13.3,3.9,80.8
1912-11-01,9.2,4.1,47.2
1912-12-01,10.1,5.0,85.9
1913-01-01,7.6,3.0,77.0
1913-02-01,7.8,1.9,24.9
1913-03-01,10.4,3.3,68.1
1913-04-01,12.2,4.7,96.8
1913-05-01,17.0,7.8,68.4
1913-06-01,19.9,10.0,14.5
1913-07-01,19.6,11.4,20.1
1913-08-01,21.0,11.1,20.4
1913-09-01,18.6,10.8,47.6
1913-10-01,15.0,8.5,120.9
1913-11-01,11.9,5.7,63.6
1913-12-01,7.5,2.8,24.2
1914-01-01,6.0,1.2,13.9
1914-02-01,10.4,3.8,51.4
1914-03-01,10.1,3.3,92.0
1914-04-01,15.9,4.7,29.8
1914-05-01,16.6,6.4,37.1
1914-06-01,20.8,10.0,77.4
1914-07-01,20.9,12.2,77.7
1914-08-01,21.8,12.1,47.3
1914-09-01,19.5,8.3,22.2
1914-10-01,14.6,7.2,74.8
1914-11-01,10.2,4.0,74.1
1914-12-01,8.0,2.6,147.9
1915-01-01,6.5,2.2,81.1
1915-02-01,7.9,1.9,91.7
1915-03-01,9.3,1.8,33.1
1915-04-01,12.9,3.5,21.0
1915-05-01,17.1,6.4,90.3
1915-06-01,20.6,9.5,35.1
1915-07-01,19.7,11.3,114.1
1915-08-01,20.8,12.2,35.2
1915-09-01,18.8,8.6,74.3
1915-10-01,12.7,6.3,53.3
1915-11-01,6.9,0.1,64.6
1915-12-01,9.0,3.5,127.1
1916-01-01,10.3,5.1,38.1
1916-02-01,6.5,1.1,97.3
1916-03-01,6.5,1.1,131.8
1916-04-01,13.9,4.3,25.2
1916-05-01,17.3,7.6,51.6
1916-06-01,15.9,8.1,46.9
1916-07-01,20.9,11.0,45.3
1916-08-01,21.8,12.6,102.9
1916-09-01,17.6,9.0,23.3
1916-10-01,14.6,8.2,93.7
1916-11-01,9.4,3.8,85.6
1916-12-01,4.1,-0.6,72.3
1917-01-01,3.2,0.1,36.5
1917-02-01,4.3,-1.4,32.0
1917-03-01,6.9,0.0,45.5
1917-04-01,10.5,1.8,41.5
1917-05-01,19.5,8.2,42.0
1917-06-01,21.4,10.8,56.4
1917-07-01,21.1,11.9,82.9
1917-08-01,19.0,12.7,101.3
1917-09-01,18.7,10.8,43.1
1917-10-01,12.2,4.0,106.0
1917-11-01,10.6,5.3,17.3
1917-12-01,4.7,-0.7,24.5
1918-01-01,6.4,1.3,69.6
1918-02-01,9.2,3.9,27.9
1918-03-01,10.9,2.1,19.8
1918-04-01,10.5,3.6,81.5
1918-05-01,19.1,8.0,47.0
1918-06-01,18.9,8.5,33.3
1918-07-01,20.8,11.7,100.6
1918-08-01,21.1,12.0,30.5
1918-09-01,16.1,9.0,126.1
1918-10-01,12.6,6.4,44.3
1918-11-01,9.2,2.1,49.5
1918-12-01,9.9,5.0,59.5
1919-01-01,5.2,0.6,85.5
1919-02-01,4.3,-1.0,55.7
1919-03-01,7.5,1.0,97.9
1919-04-01,11.8,3.3,57.1
1919-05-01,19.5,7.8,15.6
1919-06-01,20.4,9.7,17.9
1919-07-01,18.7,10.2,59.7
1919-08-01,22.4,12.0,72.5
1919-09-01,18.0,8.7,31.5
1919-10-01,12.1,2.3,38.2
1919-11-01,6.1,1.0,21.8
1919-12-01,8.6,3.2,112.3
1920-01-01,8.6,2.8,54.3
1920-02-01,9.9,2.7,16.1
1920-03-01,12.0,3.8,41.8
1920-04-01,12.0,5.9,78.5
1920-05-01,17.1,7.8,42.9
1920-06-01,19.6,10.1,81.2
1920-07-01,18.2,11.0,119.0
1920-08-01,18.0,9.7,28.5
1920-09-01,18.1,9.3,45.0
1920-10-01,14.5,6.6,48.9
1920-11-01,9.8,3.4,35.1
1920-12-01,6.8,2.2,58.9
1921-01-01,9.9,5.2,62.4
1921-02-01,8.6,1.4,14.3
1921-03-01,11.8,4.1,23.8
1921-04-01,14.2,3.9,23.1
1921-05-01,17.5,6.9,38.0
1921-06-01,21.4,9.5,8.7
1921-07-01,26.1,13.3,7.2
1921-08-01,20.9,12.1,41.9
1921-09-01,20.6,9.3,43.6
1921-10-01,18.9,8.2,32.5
1921-11-01,8.0,1.7,42.9
1921-12-01,9.4,3.6,40.9
1922-01-01,7.1,1.3,61.2
1922-02-01,8.3,1.4,58.0
1922-03-01,8.5,1.8,48.9
1922-04-01,10.4,1.9,71.9
1922-05-01,19.9,8.1,34.0
1922-06-01,19.9,9.3,30.3
1922-07-01,18.5,10.4,90.2
1922-08-01,18.1,10.1,130.4
1922-09-01,16.9,8.8,35.4
1922-10-01,12.9,4.0,12.7
1922-11-01,9.0,2.3,31.2
1922-12-01,8.4,3.9,66.4
1923-01-01,8.4,2.2,40.6
1923-02-01,8.8,3.7,91.3
1923-03-01,9.8,3.6,66.8
1923-04-01,12.2,4.3,57.9
1923-05-01,14.7,6.0,36.6
1923-06-01,17.3,8.8,10.8
1923-07-01,23.4,13.5,37.9
1923-08-01,21.4,11.1,83.8
1923-09-01,18.0,8.5,46.3
1923-10-01,13.6,7.1,99.7
1923-11-01,6.8,0.0,34.6
1923-12-01,7.4,1.0,60.4
1924-01-01,7.7,3.0,80.1
1924-02-01,6.3,0.4,6.5
1924-03-01,9.6,-0.2,23.8
1924-04-01,12.5,3.7,67.6
1924-05-01,16.9,8.0,100.6
1924-06-01,19.1,10.4,69.3
1924-07-01,20.7,10.9,92.5
1924-08-01,18.8,10.5,49.8
1924-09-01,17.4,10.5,108.4
1924-10-01,14.1,7.3,99.0
1924-11-01,10.1,4.8,47.2
1924-12-01,9.1,4.3,110.1
1925-01-01,8.4,2.3,40.9
1925-02-01,9.0,2.5,86.4
1925-03-01,8.9,1.5,11.9
1925-04-01,12.2,3.6,56.6
1925-05-01,16.8,7.8,68.0
1925-06-01,21.5,9.9,1.7
1925-07-01,22.5,12.3,98.9
1925-08-01,20.1,12.0,59.5
1925-09-01,16.3,7.8,82.0
1925-10-01,15.2,6.9,71.4
1925-11-01,7.7,1.4,47.6
1925-12-01,6.0,0.4,51.5
1926-01-01,7.5,1.5,101.0
1926-02-01,10.2,4.7,54.1
1926-03-01,10.6,3.3,16.8
1926-04-01,14.1,5.2,68.8
1926-05-01,15.1,6.6,79.5
1926-06-01,18.8,9.4,61.9
1926-07-01,21.6,12.9,67.6
1926-08-01,21.6,12.1,30.2
1926-09-01,19.6,11.0,35.7
1926-10-01,12.6,4.5,55.0
1926-11-01,10.0,3.6,113.5
1926-12-01,6.9,1.3,11.3
1927-01-01,7.8,1.8,60.6
1927-02-01,7.0,1.3,97.9
1927-03-01,11.5,4.4,60.4
1927-04-01,13.1,4.5,44.1
1927-05-01,17.7,6.8,21.4
1927-06-01,17.9,8.8,81.1
1927-07-01,19.6,12.6,78.4
1927-08-01,20.1,12.2,105.4
1927-09-01,16.4,9.6,133.8
1927-10-01,15.0,6.8,48.1
1927-11-01,9.5,3.5,67.1
1927-12-01,4.0,0.3,87.0
1928-01-01,9.0,2.2,97.3
1928-02-01,10.3,2.2,44.9
1928-03-01,10.6,3.4,39.0
1928-04-01,13.0,4.5,22.5
1928-05-01,16.5,6.4,14.8
1928-06-01,18.6,9.1,45.1
1928-07-01,23.3,12.4,48.0
1928-08-01,20.2,11.7,33.3
1928-09-01,19.2,7.9,16.0
1928-10-01,14.8,6.8,83.9
1928-11-01,11.5,4.6,70.8
1928-12-01,6.6,0.4,55.8
1929-01-01,3.7,-1.1,29.8
1929-02-01,3.3,-3.0,14.1
1929-03-01,12.9,-0.1,1.4
1929-04-01,11.8,2.5,34.3
1929-05-01,17.1,6.4,28.4
1929-06-01,18.9,8.9,24.3
1929-07-01,22.7,11.2,34.8
1929-08-01,21.2,11.6,25.4
1929-09-01,23.2,10.7,2.6
1929-10-01,14.1,6.3,77.7
1929-11-01,11.0,3.3,165.9
1929-12-01,9.2,3.4,131.7
1930-01-01,9.0,3.4,73.0
1930-02-01,5.4,0.3,13.7
1930-03-01,9.8,1.8,31.0
1930-04-01,12.5,5.0,55.1
1930-05-01,15.6,7.0,54.9
1930-06-01,21.1,10.8,20.1
1930-07-01,20.1,11.7,79.5
1930-08-01,21.2,12.0,51.9
1930-09-01,18.0,10.5,90.8
1930-10-01,14.6,7.5,32.0
1930-11-01,10.2,2.8,106.1
1930-12-01,7.0,1.9,76.8
1931-01-01,6.5,0.8,36.2
1931-02-01,7.4,1.3,43.7
1931-03-01,9.2,0.3,3.7
1931-04-01,11.8,4.7,75.8
1931-05-01,16.1,7.8,72.8
1931-06-01,19.5,11.0,89.7
1931-07-01,19.6,12.1,80.6
1931-08-01,19.1,11.2,90.4
1931-09-01,15.7,8.3,62.9
1931-10-01,13.4,5.2,18.1
1931-11-01,11.0,5.1,90.6
1931-12-01,7.8,2.8,28.8
1932-01-01,9.4,3.5,38.3
1932-02-01,5.8,-0.4,3.5
1932-03-01,9.6,0.4,54.4
1932-04-01,11.3,3.8,62.1
1932-05-01,14.8,7.5,139.1
1932-06-01,19.2,9.5,14.6
1932-07-01,20.6,12.7,61.6
1932-08-01,22.9,13.6,64.7
1932-09-01,17.7,9.7,66.0
1932-10-01,13.1,5.9,120.8
1932-11-01,9.6,4.0,31.5
1932-12-01,8.2,3.5,17.7
1933-01-01,5.3,-0.7,44.5
1933-02-01,7.9,1.4,88.6
1933-03-01,12.9,3.3,60.6
1933-04-01,14.4,4.5,25.3
1933-05-01,17.7,8.1,44.9
1933-06-01,21.4,10.6,34.1
1933-07-01,23.9,13.6,47.5
1933-08-01,24.6,12.7,20.5
1933-09-01,20.6,10.7,52.8
1933-10-01,14.0,6.7,36.3
1933-11-01,8.8,2.8,28.5
1933-12-01,3.5,-0.7,7.8
1934-01-01,7.5,0.6,47.8
1934-02-01,7.5,-0.5,7.7
1934-03-01,9.6,1.3,45.2
1934-04-01,12.7,4.5,53.0
1934-05-01,17.6,6.9,18.0
1934-06-01,21.1,10.6,36.6
1934-07-01,25.3,12.9,24.0
1934-08-01,21.1,11.4,46.2
1934-09-01,20.2,10.7,61.4
1934-10-01,14.5,7.6,34.9
1934-11-01,9.3,3.9,41.4
1934-12-01,10.5,5.9,142.2
1935-01-01,7.3,2.5,13.9
1935-02-01,9.3,2.9,52.0
1935-03-01,11.1,2.8,11.4
1935-04-01,12.6,4.4,91.8
1935-05-01,15.1,5.4,35.9
1935-06-01,20.0,11.2,114.6
1935-07-01,23.9,12.7,12.9
1935-08-01,23.4,12.1,45.3
1935-09-01,18.7,10.2,116.3
1935-10-01,14.0,6.1,94.9
1935-11-01,10.4,4.3,103.1
1935-12-01,5.6,0.9,78.8
1936-01-01,7.2,1.7,80.3
1936-02-01,6.2,-0.3,39.6
1936-03-01,11.0,4.1,46.5
1936-04-01,10.7,2.9,41.8
1936-05-01,17.1,6.8,10.7
1936-06-01,20.0,10.6,91.6
1936-07-01,19.6,12.0,87.1
1936-08-01,22.2,11.7,21.0
1936-09-01,18.7,11.3,83.7
1936-10-01,13.8,5.2,33.6
1936-11-01,9.0,2.2,67.7
1936-12-01,8.5,2.2,50.7
1937-01-01,8.4,2.5,84.8
1937-02-01,9.5,3.5,120.3
1937-03-01,7.7,0.8,77.5
1937-04-01,13.5,5.8,66.9
1937-05-01,17.5,8.2,66.7
1937-06-01,20.0,10.0,39.8
1937-07-01,21.2,12.6,35.2
1937-08-01,23.6,12.5,11.2
1937-09-01,19.3,9.1,50.4
1937-10-01,14.8,7.2,68.6
1937-11-01,8.6,1.6,31.0
1937-12-01,6.0,0.7,48.5
1938-01-01,8.8,3.4,67.3
1938-02-01,8.2,2.0,21.3
1938-03-01,15.5,4.3,8.9
1938-04-01,13.0,2.5,2.7
1938-05-01,15.9,6.5,50.1
1938-06-01,20.3,10.8,24.3
1938-07-01,21.0,11.7,30.4
1938-08-01,21.9,12.6,91.8
1938-09-01,19.0,10.1,54.5
1938-10-01,14.7,7.1,72.0
1938-11-01,12.9,6.9,80.6
1938-12-01,7.2,1.5,73.5
1939-01-01,7.4,2.3,113.0
1939-02-01,9.5,2.8,26.6
1939-03-01,9.6,2.8,40.0
1939-04-01,14.1,4.9,76.8
1939-05-01,16.3,7.3,30.1
1939-06-01,19.5,9.7,49.9
1939-07-01,19.8,12.1,106.2
1939-08-01,21.5,12.4,42.6
1939-09-01,19.3,10.8,13.8
1939-10-01,12.5,5.2,134.0
1939-11-01,12.3,6.5,104.3
1939-12-01,5.6,0.6,36.3
1940-01-01,1.9,-4.6,74.2
1940-02-01,5.6,0.2,55.8
1940-03-01,10.8,2.5,64.3
1940-04-01,13.9,5.0,45.2
1940-05-01,18.6,7.8,38.0
1940-06-01,22.6,11.1,15.3
1940-07-01,20.5,11.1,61.0
1940-08-01,22.1,11.1,1.8
1940-09-01,19.2,8.6,24.1
1940-10-01,13.9,6.0,67.1
1940-11-01,10.3,4.3,175.5
1940-12-01,6.6,0.8,32.8
1941-01-01,3.0,-1.2,64.4
1941-02-01,7.3,1.3,63.9
1941-03-01,9.4,1.4,64.5
1941-04-01,11.2,3.1,26.3
1941-05-01,14.1,5.0,43.7
1941-06-01,21.0,10.9,52.9
1941-07-01,23.6,13.1,112.7
1941-08-01,19.3,11.3,85.1
1941-09-01,19.0,10.4,10.6
1941-10-01,14.7,6.4,28.8
1941-11-01,10.0,4.2,66.6
1941-12-01,8.3,2.7,29.8
1942-01-01,3.5,-2.0,87.5
1942-02-01,2.8,-2.6,16.8
1942-03-01,9.4,1.9,60.3
1942-04-01,14.3,5.1,26.0
1942-05-01,16.8,6.8,78.8
1942-06-01,21.5,9.5,4.1
1942-07-01,20.9,11.8,46.8
1942-08-01,21.8,12.8,94.2
1942-09-01,18.6,10.0,28.4
1942-10-01,14.6,7.3,89.4
1942-11-01,8.4,1.9,50.0
1942-12-01,9.4,4.7,85.9
1943-01-01,8.3,2.9,96.5
1943-02-01,9.5,2.7,23.7
1943-03-01,11.7,2.2,19.6
1943-04-01,16.2,6.9,25.7
1943-05-01,18.2,7.7,57.4
1943-06-01,20.1,10.3,43.0
1943-07-01,23.0,11.9,25.0
1943-08-01,21.8,12.4,56.9
1943-09-01,18.8,9.2,44.0
1943-10-01,15.0,6.8,62.0
1943-11-01,9.6,3.1,35.1
1943-12-01,6.3,0.7,26.0
1944-01-01,9.2,3.0,36.3
1944-02-01,6.4,0.9,23.2
1944-03-01,10.3,1.2,6.5
1944-04-01,15.8,6.1,36.2
1944-05-01,18.3,6.5,18.1
1944-06-01,19.0,9.6,52.2
1944-07-01,21.5,13.1,56.2
1944-08-01,23.2,13.0,49.0
1944-09-01,17.9,8.6,64.8
1944-10-01,13.2,6.6,85.6
1944-11-01,9.8,3.6,91.0
1944-12-01,6.0,0.8,40.5
1945-01-01,3.2,-2.0,49.9
1945-02-01,10.9,4.7,46.8
1945-03-01,13.1,3.9,20.4
1945-04-01,16.1,5.6,32.6
1945-05-01,18.0,8.2,54.0
1945-06-01,19.7,10.8,66.2
1945-07-01,22.1,12.8,52.0
1945-08-01,21.3,11.7,37.2
1945-09-01,18.6,11.5,47.5
1945-10-01,16.5,8.0,69.4
1945-11-01,10.0,4.4,4.8
1945-12-01,8.1,2.5,88.9
1946-01-01,5.9,0.1,35.2
1946-02-01,9.4,4.0,56.1
1946-03-01,9.6,1.3,24.4
1946-04-01,16.1,5.0,34.4
1946-05-01,15.7,6.2,78.6
1946-06-01,18.1,9.5,58.3
1946-07-01,22.3,12.7,32.2
1946-08-01,20.1,11.4,92.2
1946-09-01,18.4,11.0,85.4
1946-10-01,13.7,7.1,20.2
1946-11-01,11.2,5.7,114.1
1946-12-01,6.2,-0.1,53.8
1947-01-01,4.9,-0.6,35.2
1947-02-01,-0.2,-4.4,42.5
1947-03-01,7.7,1.3,132.9
1947-04-01,13.8,5.2,47.0
1947-05-01,19.2,9.0,47.9
1947-06-01,21.5,11.4,27.4
1947-07-01,22.6,13.6,43.2
1947-08-01,25.8,13.1,15.0
1947-09-01,20.7,11.1,29.3
1947-10-01,15.8,5.6,10.5
1947-11-01,10.9,4.6,32.2
1947-12-01,8.1,2.8,44.9
1948-01-01,9.1,3.2,127.3
1948-02-01,7.9,2.2,22.6
1948-03-01,14.0,3.5,18.5
1948-04-01,14.8,4.4,42.6
1948-05-01,17.5,6.5,126.0
1948-06-01,18.5,9.9,53.7
1948-07-01,21.1,12.1,21.7
1948-08-01,20.1,11.9,87.3
1948-09-01,19.1,10.7,63.1
1948-10-01,14.3,6.4,59.3
1948-11-01,10.5,4.2,38.3
1948-12-01,9.1,3.4,68.7
1949-01-01,8.6,3.1,23.4
1949-02-01,10.3,1.6,25.8
1949-03-01,9.0,1.7,43.2
1949-04-01,15.5,6.1,33.4
1949-05-01,16.7,6.6,61.4
1949-06-01,21.6,10.3,11.7
1949-07-01,24.7,12.8,23.0
1949-08-01,22.9,12.6,37.7
1949-09-01,22.0,12.5,58.3
1949-10-01,16.3,8.4,161.8
1949-11-01,9.9,3.4,64.2
1949-12-01,9.1,3.3,34.6
1950-01-01,6.9,1.5,14.2
1950-02-01,9.5,2.8,103.9
1950-03-01,12.2,3.6,22.3
1950-04-01,12.5,4.2,54.4
1950-05-01,16.0,7.1,55.5
1950-06-01,22.1,11.8,39.1
1950-07-01,20.8,12.5,135.5
1950-08-01,20.8,12.2,77.6
1950-09-01,17.3,10.0,73.0
1950-10-01,13.4,6.6,12.9
1950-11-01,8.7,4.0,112.3
1950-12-01,3.7,-0.7,33.3
1951-01-01,7.1,2.0,78.0
1951-02-01,6.9,1.4,87.5
1951-03-01,8.0,1.6,90.2
1951-04-01,12.0,2.9,64.8
1951-05-01,14.5,6.5,53.4
1951-06-01,19.7,9.4,35.9
1951-07-01,22.3,12.1,34.2
1951-08-01,19.9,11.7,93.7
1951-09-01,18.8,10.7,125.1
1951-10-01,13.8,5.0,22.9
1951-11-01,11.7,6.2,132.1
1951-12-01,9.0,3.0,39.8
1952-01-01,6.0,0.3,46.4
1952-02-01,6.9,0.3,13.3
1952-03-01,10.5,3.9,61.1
1952-04-01,15.2,5.4,41.2
1952-05-01,19.1,9.5,56.6
1952-06-01,20.5,10.5,34.0
1952-07-01,23.0,12.9,7.5
1952-08-01,21.1,12.6,108.5
1952-09-01,15.7,7.2,43.0
1952-10-01,12.9,5.6,95.5
1952-11-01,7.0,1.3,96.8
1952-12-01,6.0,-0.6,55.2
1953-01-01,5.4,0.8,21.8
1953-02-01,7.3,1.1,40.4
1953-03-01,10.8,0.3,17.2
1953-04-01,12.5,3.5,53.0
1953-05-01,17.9,8.2,42.8
1953-06-01,18.7,10.5,40.5
1953-07-01,20.4,11.7,82.1
1953-08-01,21.7,12.2,74.1
1953-09-01,18.6,10.0,47.3
1953-10-01,14.0,6.5,56.0
1953-11-01,11.3,5.9,39.7
1953-12-01,9.5,5.0,18.0
1954-01-01,5.6,0.3,33.0
1954-02-01,6.5,0.2,59.7
1954-03-01,10.1,2.9,64.4
1954-04-01,12.8,2.8,10.1
1954-05-01,15.9,7.2,53.3
1954-06-01,17.9,10.3,92.3
1954-07-01,18.6,11.3,55.8
1954-08-01,19.2,11.3,80.1
1954-09-01,17.6,9.4,66.3
1954-10-01,15.8,9.3,54.9
1954-11-01,10.9,3.8,112.2
1954-12-01,9.6,4.4,51.4
1955-01-01,5.4,0.3,62.7
1955-02-01,4.5,-1.1,36.3
1955-03-01,7.5,-0.4,36.5
1955-04-01,14.6,5.6,16.6
1955-05-01,14.6,6.0,113.5
1955-06-01,19.3,10.1,107.4
1955-07-01,23.7,12.6,7.4
1955-08-01,24.3,13.6,11.5
1955-09-01,19.4,10.0,38.3
1955-10-01,13.9,5.4,40.1
1955-11-01,10.4,3.7,35.4
1955-12-01,9.4,2.2,79.1
1956-01-01,6.7,1.0,99.5
1956-02-01,2.5,-3.5,11.4
1956-03-01,10.8,2.2,17.3
1956-04-01,12.2,2.6,48.1
1956-05-01,18.2,7.1,8.5
1956-06-01,17.9,9.6,62.7
1956-07-01,20.9,12.5,62.0
1956-08-01,18.4,10.6,114.9
1956-09-01,18.4,11.1,60.0
1956-10-01,13.6,5.8,45.9
1956-11-01,9.1,2.9,19.7
1956-12-01,8.2,3.5,80.7
1957-01-01,8.6,3.0,41.0
1957-02-01,9.1,3.2,71.7
1957-03-01,13.6,5.9,43.1
1957-04-01,13.5,5.1,9.9
1957-05-01,15.4,6.2,42.4
1957-06-01,22.2,10.1,55.7
1957-07-01,21.5,13.4,85.4
1957-08-01,20.4,12.1,95.9
1957-09-01,16.9,9.7,101.5
1957-10-01,15.4,7.6,52.6
1957-11-01,8.8,3.7,50.5
1957-12-01,7.4,1.6,64.4
1958-01-01,6.6,1.0,90.2
1958-02-01,9.0,2.3,65.4
1958-03-01,7.8,0.9,34.6
1958-04-01,12.1,3.6,27.5
1958-05-01,16.4,7.9,54.4
1958-06-01,19.1,10.7,84.2
1958-07-01,20.8,12.3,63.6
1958-08-01,20.2,12.7,67.3
1958-09-01,19.3,11.8,80.3
1958-10-01,14.4,8.1,72.5
1958-11-01,9.3,4.2,76.7
1958-12-01,7.4,2.7,83.5
1959-01-01,4.9,-0.6,94.1
1959-02-01,7.1,1.3,2.2
1959-03-01,11.4,4.1,86.6
1959-04-01,14.2,6.3,52.2
1959-05-01,18.3,7.7,25.8
1959-06-01,21.0,10.9,25.2
1959-07-01,23.9,12.8,64.9
1959-08-01,23.3,13.0,44.0
1959-09-01,21.8,9.4,5.4
1959-10-01,17.3,7.8,49.1
1959-11-01,10.6,3.7,44.9
1959-12-01,9.2,3.4,124.0
1960-01-01,6.5,1.6,82.3
1960-02-01,7.5,1.9,50.6
1960-03-01,9.8,3.9,24.9
1960-04-01,14.0,4.8,16.9
1960-05-01,17.8,8.8,61.4
1960-06-01,21.8,11.9,111.0
1960-07-01,19.6,11.9,110.1
1960-08-01,20.0,11.4,50.5
1960-09-01,17.8,9.8,104.8
1960-10-01,13.8,7.9,138.6
1960-11-01,10.8,4.7,106.1
1960-12-01,6.6,2.2,107.5
1961-01-01,6.6,1.8,86.1
1961-02-01,10.3,4.9,53.4
1961-03-01,13.6,3.7,4.5
1961-04-01,14.4,7.0,75.9
1961-05-01,16.3,7.2,28.0
1961-06-01,20.9,10.2,33.9
1961-07-01,21.1,11.9,54.3
1961-08-01,21.1,12.0,59.1
1961-09-01,20.4,11.5,56.9
1961-10-01,15.0,7.5,67.7
1961-11-01,9.2,3.1,36.9
1961-12-01,5.3,-0.3,97.8
1962-01-01,7.5,1.6,94.7
1962-02-01,7.5,1.6,10.3
1962-03-01,7.3,-0.7,32.4
1962-04-01,12.0,4.5,50.7
1962-05-01,14.8,7.0,38.6
1962-06-01,19.8,9.3,5.5
1962-07-01,20.2,11.8,54.6
1962-08-01,19.4,11.6,96.1
1962-09-01,17.0,9.5,115.0
1962-10-01,14.8,6.8,29.6
1962-11-01,8.3,2.8,55.1
1962-12-01,4.2,-1.6,50.4
1963-01-01,-0.2,-5.8,27.9
1963-02-01,1.7,-3.1,10.4
1963-03-01,9.8,3.1,75.9
1963-04-01,13.2,5.7,50.4
1963-05-01,15.6,6.9,43.6
1963-06-01,19.9,11.0,65.9
1963-07-01,20.4,11.4,48.0
1963-08-01,18.7,11.2,81.4
1963-09-01,17.6,9.7,58.0
1963-10-01,14.8,8.4,44.4
1963-11-01,11.4,6.3,115.4
1963-12-01,4.9,0.0,18.6
1964-01-01,5.6,1.1,13.0
1964-02-01,7.4,2.5,22.2
1964-03-01,7.2,2.1,92.6
1964-04-01,12.7,5.6,59.5
1964-05-01,18.6,9.3,44.4
1964-06-01,18.6,10.7,49.3
1964-07-01,22.0,12.7,21.2
1964-08-01,21.7,11.8,14.6
1964-09-01,20.6,9.6,15.5
1964-10-01,13.3,4.9,17.5
1964-11-01,10.5,5.0,25.0
1964-12-01,6.8,0.7,43.7
1965-01-01,6.4,1.2,56.0
1965-02-01,5.6,0.5,5.8
1965-03-01,10.1,1.8,44.2
1965-04-01,13.1,4.5,49.4
1965-05-01,16.3,8.4,63.8
1965-06-01,19.1,10.8,53.4
1965-07-01,18.5,11.0,90.0
1965-08-01,20.1,11.0,61.7
1965-09-01,16.9,9.1,75.4
1965-10-01,15.2,7.0,12.0
1965-11-01,8.0,1.9,51.2
1965-12-01,8.1,2.4,95.5
1966-01-01,5.0,0.8,30.8
1966-02-01,9.0,4.6,74.9
1966-03-01,10.7,3.2,9.9
1966-04-01,11.1,5.0,81.7
1966-05-01,16.3,7.2,54.0
1966-06-01,20.8,11.3,56.6
1966-07-01,19.8,11.7,80.9
1966-08-01,19.9,11.1,78.8
1966-09-01,18.5,10.3,52.5
1966-10-01,14.2,7.9,122.7
1966-11-01,8.3,2.9,28.0
1966-12-01,9.1,3.0,80.4
1967-01-01,7.2,2.6,35.5
1967-02-01,8.9,2.9,64.3
1967-03-01,11.1,4.2,30.7
1967-04-01,12.0,4.7,40.4
1967-05-01,15.6,7.5,85.6
1967-06-01,19.5,9.9,49.3
1967-07-01,22.7,13.1,76.6
1967-08-01,20.7,12.3,44.0
1967-09-01,17.7,10.9,59.4
1967-10-01,14.2,8.8,121.7
1967-11-01,8.9,3.0,29.2
1967-12-01,7.1,2.0,63.3
1968-01-01,7.3,2.0,57.9
1968-02-01,4.7,-0.1,26.8
1968-03-01,10.8,3.6,19.5
1968-04-01,13.0,4.4,46.1
1968-05-01,14.5,6.7,66.2
1968-06-01,19.9,11.4,69.2
1968-07-01,19.7,12.0,141.6
1968-08-01,19.4,12.3,91.7
1968-09-01,18.0,11.1,108.3
1968-10-01,15.8,10.6,67.7
1968-11-01,8.9,4.6,54.5
1968-12-01,5.1,1.1,63.6
1969-01-01,8.6,3.6,74.9
1969-02-01,4.2,-0.9,39.9
1969-03-01,7.3,1.1,48.3
1969-04-01,13.1,3.7,37.0
1969-05-01,16.4,8.3,88.8
1969-06-01,19.9,9.5,20.7
1969-07-01,23.2,13.1,49.0
1969-08-01,21.3,13.2,87.9
1969-09-01,17.7,10.8,32.8
1969-10-01,16.7,9.9,5.0
1969-11-01,9.0,3.2,52.0
1969-12-01,6.0,1.2,72.9
1970-01-01,6.6,1.9,66.6
1970-02-01,6.6,0.6,49.2
1970-03-01,7.6,0.6,45.8
1970-04-01,11.3,3.8,75.9
1970-05-01,18.8,8.7,22.9
1970-06-01,22.4,11.6,43.0
1970-07-01,20.4,11.9,42.3
1970-08-01,21.0,12.2,51.9
1970-09-01,19.4,11.2,40.3
1970-10-01,15.0,7.4,19.5
1970-11-01,11.4,5.6,150.3
1970-12-01,6.7,1.8,33.9
1971-01-01,7.2,2.5,105.3
1971-02-01,7.9,1.5,22.1
1971-03-01,8.7,2.2,42.9
1971-04-01,12.0,4.3,44.8
1971-05-01,17.3,7.4,46.3
1971-06-01,16.7,9.4,135.8
1971-07-01,23.2,13.1,37.3
1971-08-01,20.3,12.7,133.2
1971-09-01,19.5,9.8,13.4
1971-10-01,15.8,7.4,74.2
1971-11-01,9.8,3.0,61.3
1971-12-01,8.7,4.6,24.0
1972-01-01,6.4,2.0,60.5
1972-02-01,7.0,2.5,50.8
1972-03-01,11.8,2.8,63.2
1972-04-01,12.2,5.4,45.8
1972-05-01,15.1,7.4,49.8
1972-06-01,16.6,8.8,55.8
1972-07-01,21.0,11.8,23.3
1972-08-01,20.7,11.6,29.8
1972-09-01,16.5,8.3,31.0
1972-10-01,14.8,7.4,25.9
1972-11-01,9.5,3.8,65.8
1972-12-01,8.7,3.5,74.0
1973-01-01,6.8,2.1,24.4
1973-02-01,7.7,1.3,15.0
1973-03-01,11.0,2.1,10.8
1973-04-01,12.1,4.2,42.4
1973-05-01,16.2,8.1,71.2
1973-06-01,20.9,10.9,109.3
1973-07-01,20.8,12.2,60.0
1973-08-01,22.5,12.8,28.8
1973-09-01,19.7,11.0,32.7
1973-10-01,12.8,5.5,40.8
1973-11-01,9.8,3.2,28.3
1973-12-01,8.3,2.3,30.9
1974-01-01,9.3,3.6,65.0
1974-02-01,8.7,3.1,77.7
1974-03-01,9.3,2.4,36.7
1974-04-01,13.0,3.8,4.2
1974-05-01,16.1,6.8,31.6
1974-06-01,19.1,10.1,78.7
1974-07-01,20.1,12.2,41.7
1974-08-01,20.6,11.3,97.2
1974-09-01,16.5,9.1,156.1
1974-10-01,11.0,4.9,66.4
1974-11-01,10.1,5.0,95.1
1974-12-01,10.6,5.9,33.4
1975-01-01,9.8,4.6,69.4
1975-02-01,7.9,1.8,29.7
1975-03-01,7.8,2.5,95.2
1975-04-01,12.8,5.3,46.9
1975-05-01,14.3,6.4,49.0
1975-06-01,21.5,9.4,18.0
1975-07-01,23.8,13.4,34.1
1975-08-01,25.1,14.1,30.2
1975-09-01,18.7,9.9,95.3
1975-10-01,14.2,6.5,11.0
1975-11-01,9.8,2.5,37.9
1975-12-01,7.5,1.7,21.7
1976-01-01,8.5,3.4,18.9
1976-02-01,7.5,2.3,18.8
1976-03-01,9.0,1.7,16.0
1976-04-01,12.9,4.1,8.1
1976-05-01,17.8,8.3,44.2
1976-06-01,24.4,12.6,17.1
1976-07-01,25.9,13.2,14.3
1976-08-01,24.4,11.4,23.9
1976-09-01,18.1,10.5,90.7
1976-10-01,14.1,8.3,99.5
1976-11-01,9.2,3.4,55.9
1976-12-01,4.6,-0.4,101.8
1977-01-01,5.4,0.7,75.9
1977-02-01,8.9,3.3,114.4
1977-03-01,10.5,4.3,59.8
1977-04-01,11.6,3.8,40.7
1977-05-01,15.7,6.1,43.1
1977-06-01,16.7,8.5,86.9
1977-07-01,21.0,12.0,5.8
1977-08-01,19.7,12.2,129.0
1977-09-01,17.5,10.4,7.8
1977-10-01,15.4,8.3,32.8
1977-11-01,9.6,3.8,46.6
1977-12-01,8.9,3.9,67.8
1978-01-01,6.2,0.7,68.2
1978-02-01,5.5,0.4,45.6
1978-03-01,10.8,3.3,52.3
1978-04-01,10.2,3.3,45.2
1978-05-01,17.0,7.1,48.5
1978-06-01,19.1,9.6,39.9
1978-07-01,20.0,11.5,82.4
1978-08-01,20.2,11.4,32.6
1978-09-01,19.1,10.6,24.4
1978-10-01,16.2,8.1,5.4
1978-11-01,11.6,5.5,22.8
1978-12-01,7.1,2.2,109.5
1979-01-01,3.2,-3.1,56.8
1979-02-01,3.8,-0.9,56.2
1979-03-01,8.4,2.1,110.3
1979-04-01,12.3,4.8,38.9
1979-05-01,15.2,6.8,124.8
1979-06-01,19.0,10.7,43.6
1979-07-01,22.5,13.0,16.6
1979-08-01,20.3,11.7,60.8
1979-09-01,18.6,9.6,17.0
1979-10-01,15.5,8.0,59.8
1979-11-01,10.5,3.9,39.4
1979-12-01,8.9,3.8,127.7
1980-01-01,5.3,-0.3,36.7
1980-02-01,9.5,3.2,39.8
1980-03-01,8.5,2.3,69.8
1980-04-01,13.7,4.9,14.1
1980-05-01,16.6,6.3,35.5
1980-06-01,19.0,10.7,89.4
1980-07-01,19.7,11.2,59.5
1980-08-01,21.2,12.8,63.6
1980-09-01,19.2,12.2,65.6
1980-10-01,13.0,6.0,84.9
1980-11-01,9.1,4.4,42.5
1980-12-01,8.5,2.9,32.9
1981-01-01,7.3,2.4,39.2
1981-02-01,6.2,0.2,20.9
1981-03-01,11.1,6.4,129.7
1981-04-01,12.0,4.4,43.9
1981-05-01,15.7,8.2,87.7
1981-06-01,18.1,10.4,26.1
1981-07-01,21.3,12.3,34.0
1981-08-01,22.2,12.7,38.8
1981-09-01,19.8,11.0,92.5
1981-10-01,12.3,5.7,64.7
1981-11-01,10.8,4.9,31.4
1981-12-01,3.6,-2.0,74.0
1982-01-01,5.5,-0.1,57.2
1982-02-01,7.9,2.7,32.0
1982-03-01,10.3,2.9,96.2
1982-04-01,13.8,4.9,27.4
1982-05-01,17.5,7.2,35.9
1982-06-01,21.3,12.7,69.4
1982-07-01,22.0,12.8,23.5
1982-08-01,21.2,12.9,37.9
1982-09-01,20.1,10.6,51.9
1982-10-01,13.6,7.8,83.4
1982-11-01,10.8,6.1,77.3
1982-12-01,7.7,1.9,62.4
1983-01-01,9.8,4.7,45.7
1983-02-01,4.8,-0.7,23.8
1983-03-01,10.3,3.3,42.5
1983-04-01,11.8,3.7,89.5
1983-05-01,14.8,7.8,106.3
1983-06-01,19.6,11.0,19.4
1983-07-01,26.8,15.4,21.7
1983-08-01,23.5,13.3,24.0
1983-09-01,18.0,11.1,59.4
1983-10-01,14.3,7.7,53.0
1983-11-01,10.4,5.2,42.6
1983-12-01,8.7,3.2,49.8
1984-01-01,7.5,1.5,81.5
1984-02-01,6.4,1.0,35.4
1984-03-01,8.2,2.4,50.3
1984-04-01,13.9,3.4,1.6
1984-05-01,14.5,6.0,72.0
1984-06-01,20.8,10.8,30.0
1984-07-01,23.9,12.2,13.6
1984-08-01,23.6,13.6,32.7
1984-09-01,17.9,11.2,91.1
1984-10-01,15.0,8.6,54.4
1984-11-01,11.3,6.0,101.6
1984-12-01,8.3,2.7,44.5
1985-01-01,3.9,-1.9,44.4
1985-02-01,5.5,-0.8,34.7
1985-03-01,8.9,1.4,36.7
1985-04-01,13.1,5.1,32.7
1985-05-01,15.7,7.3,80.5
1985-06-01,17.5,9.0,122.5
1985-07-01,21.6,12.7,45.8
1985-08-01,19.0,12.1,67.0
1985-09-01,19.4,11.2,19.4
1985-10-01,14.5,7.9,29.1
1985-11-01,7.4,1.7,41.1
1985-12-01,9.4,5.1,108.1
1986-01-01,6.7,1.1,67.3
1986-02-01,1.0,-4.1,7.3
1986-03-01,9.2,2.1,58.0
1986-04-01,10.2,3.1,70.4
1986-05-01,15.7,8.0,70.7
1986-06-01,20.6,10.5,22.3
1986-07-01,21.5,12.8,37.1
1986-08-01,18.4,11.0,114.3
1986-09-01,16.6,7.5,39.0
1986-10-01,15.3,7.8,75.1
1986-11-01,11.4,5.4,78.4
1986-12-01,9.2,3.8,64.2
1987-01-01,3.0,-1.4,9.9
1987-02-01,7.1,1.0,34.0
1987-03-01,8.2,1.5,53.9
1987-04-01,15.2,6.6,51.4
1987-05-01,15.2,6.5,48.7
1987-06-01,17.8,10.4,86.0
1987-07-01,21.2,12.7,29.3
1987-08-01,21.0,12.5,34.0
1987-09-01,18.6,10.9,25.4
1987-10-01,14.0,6.7,138.8
1987-11-01,9.0,4.3,58.2
1987-12-01,8.0,3.7,26.0
1988-01-01,8.1,3.3,100.0
1988-02-01,8.1,2.3,33.8
1988-03-01,10.2,3.8,59.1
1988-04-01,12.6,4.6,30.2
1988-05-01,17.1,7.8,32.0
1988-06-01,18.7,10.3,59.6
1988-07-01,18.9,11.6,96.5
1988-08-01,20.4,11.9,38.8
1988-09-01,17.9,10.4,39.6
1988-10-01,14.5,8.0,38.6
1988-11-01,9.1,1.6,29.5
1988-12-01,10.1,5.4,13.4
1989-01-01,9.1,3.6,33.4
1989-02-01,9.9,3.0,55.1
1989-03-01,12.0,4.6,47.0
1989-04-01,11.0,3.6,63.8
1989-05-01,19.7,8.6,29.2
1989-06-01,20.8,10.5,45.9
1989-07-01,24.9,14.0,29.4
1989-08-01,23.4,12.4,43.3
1989-09-01,19.9,11.9,23.8
1989-10-01,15.9,8.9,53.9
1989-11-01,9.8,3.2,32.5
1989-12-01,8.2,3.3,141.5
1990-01-01,10.0,4.5,75.0
1990-02-01,11.3,5.3,94.2
1990-03-01,12.7,5.0,18.4
1990-04-01,13.7,3.3,20.4
1990-05-01,19.2,7.8,8.7
1990-06-01,18.2,10.7,48.8
1990-07-01,23.8,12.2,17.7
1990-08-01,24.7,14.0,26.5
1990-09-01,18.7,9.4,41.1
1990-10-01,15.8,9.3,45.9
1990-11-01,9.8,4.3,20.0
1990-12-01,6.9,1.7,56.3
1991-01-01,6.4,1.2,60.9
1991-02-01,4.7,-1.6,20.5
1991-03-01,11.5,5.1,46.1
1991-04-01,12.2,4.6,56.3
1991-05-01,15.3,7.4,8.6
1991-06-01,16.8,9.0,74.8
1991-07-01,22.2,13.7,92.8
1991-08-01,23.2,13.3,11.6
1991-09-01,20.2,10.6,42.9
1991-10-01,13.4,7.3,34.2
1991-11-01,9.9,4.5,62.2
1991-12-01,7.0,1.6,15.9
1992-01-01,5.9,1.5,30.4
1992-02-01,8.9,2.1,22.0
1992-03-01,11.0,4.8,47.7
1992-04-01,13.2,5.6,57.7
1992-05-01,19.7,9.1,62.2
1992-06-01,21.4,11.7,43.4
1992-07-01,21.1,13.5,70.1
1992-08-01,20.3,12.8,108.9
1992-09-01,17.6,10.8,106.9
1992-10-01,11.2,5.2,75.7
1992-11-01,10.9,4.7,119.9
1992-12-01,6.4,1.3,50.7
1993-01-01,9.6,3.5,82.4
1993-02-01,7.1,2.4,7.1
1993-03-01,11.0,3.9,32.7
1993-04-01,13.2,6.6,69.2
1993-05-01,16.6,8.0,56.6
1993-06-01,20.7,11.5,40.1
1993-07-01,20.8,12.3,51.3
1993-08-01,20.5,11.1,26.7
1993-09-01,16.7,9.3,96.1
1993-10-01,11.9,6.0,112.4
1993-11-01,8.0,2.6,51.0
1993-12-01,8.7,3.4,98.0
1994-01-01,8.5,3.3,82.2
1994-02-01,6.7,1.3,62.4
1994-03-01,11.7,5.3,41.9
1994-04-01,12.5,5.1,52.0
1994-05-01,15.3,7.6,84.5
1994-06-01,20.6,11.0,13.5
1994-07-01,24.8,13.8,54.2
1994-08-01,21.1,13.0,52.5
1994-09-01,16.6,10.4,62.6
1994-10-01,14.1,6.9,67.4
1994-11-01,12.7,8.4,55.7
1994-12-01,9.6,3.9,74.6
1995-01-01,8.5,2.2,116.3
1995-02-01,10.4,4.4,66.0
1995-03-01,10.5,2.0,49.3
1995-04-01,14.3,5.4,18.9
1995-05-01,17.8,7.8,54.1
1995-06-01,20.0,10.4,6.6
1995-07-01,25.1,13.9,37.8
1995-08-01,26.4,13.9,4.4
1995-09-01,18.3,10.3,98.8
1995-10-01,17.3,10.3,33.2
1995-11-01,11.3,5.2,98.2
1995-12-01,4.6,0.2,99.8
1996-01-01,6.6,3.1,35.5
1996-02-01,6.2,-0.1,60.8
1996-03-01,8.4,1.8,27.1
1996-04-01,13.8,4.8,49.3
1996-05-01,14.1,5.6,35.7
1996-06-01,21.2,10.2,23.7
1996-07-01,23.3,12.7,25.5
1996-08-01,22.4,12.5,53.1
1996-09-01,18.4,10.3,16.1
1996-10-01,15.8,8.6,33.0
1996-11-01,9.6,2.9,81.6
1996-12-01,5.5,0.9,16.2
1997-01-01,5.1,-0.2,11.9
1997-02-01,10.4,4.2,76.5
1997-03-01,13.3,5.5,7.2
1997-04-01,14.5,4.9,17.5
1997-05-01,17.4,7.4,61.2
1997-06-01,18.9,11.3,66.7
1997-07-01,22.8,12.9,25.4
1997-08-01,24.9,15.7,104.2
1997-09-01,19.7,10.7,18.5
1997-10-01,14.9,6.6,57.2
1997-11-01,11.7,6.1,94.6
1997-12-01,9.0,3.6,58.7
1998-01-01,8.3,2.9,60.0
1998-02-01,11.5,4.1,8.7
1998-03-01,11.8,5.4,57.4
1998-04-01,11.9,5.1,107.7
1998-05-01,18.7,9.1,20.9
1998-06-01,19.1,11.5,75.9
1998-07-01,21.0,12.4,29.5
1998-08-01,22.4,11.9,26.8
1998-09-01,19.6,11.8,119.4
1998-10-01,14.4,8.2,116.4
1998-11-01,9.3,2.2,69.9
1998-12-01,9.4,3.2,72.7
1999-01-01,9.0,3.4,91.9
1999-02-01,8.6,2.9,32.9
1999-03-01,11.6,4.8,28.8
1999-04-01,14.3,6.1,57.6
1999-05-01,18.2,9.7,50.9
1999-06-01,19.7,10.1,65.3
1999-07-01,24.2,13.3,7.2
1999-08-01,21.6,12.9,98.3
1999-09-01,20.8,12.4,102.1
1999-10-01,15.1,7.1,70.8
1999-11-01,10.8,5.3,41.1
1999-12-01,8.3,1.7,89.8
2000-01-01,8.1,2.0,19.8
2000-02-01,10.2,3.8,78.3
2000-03-01,11.7,4.2,11.9
2000-04-01,12.4,4.8,137.2
2000-05-01,17.2,8.6,67.7
2000-06-01,20.5,12.2,19.4
2000-07-01,20.8,12.3,28.5
2000-08-01,22.7,13.3,58.3
2000-09-01,19.2,12.1,87.2
2000-10-01,14.3,8.2,119.5
2000-11-01,10.6,4.8,99.1
2000-12-01,8.6,4.2,99.8
2001-01-01,6.4,1.2,57.4
2001-02-01,8.8,2.0,68.6
2001-03-01,9.0,3.1,75.1
2001-04-01,12.9,4.8,72.7
2001-05-01,18.5,7.9,35.5
2001-06-01,20.7,10.6,23.1
2001-07-01,23.4,13.4,57.2
2001-08-01,22.7,12.9,92.0
2001-09-01,17.9,10.5,35.0
2001-10-01,17.0,11.1,92.4
2001-11-01,11.2,3.9,38.5
2001-12-01,6.8,0.2,29.5
2002-01-01,9.2,3.4,57.4
2002-02-01,11.1,4.4,70.9
2002-03-01,12.4,4.6,33.0
2002-04-01,15.2,5.2,43.0
2002-05-01,16.8,8.4,58.3
2002-06-01,20.0,10.3,42.4
2002-07-01,22.1,12.0,89.6
2002-08-01,22.8,12.9,53.2
2002-09-01,19.7,10.0,24.8
2002-10-01,14.8,7.1,109.4
2002-11-01,11.8,6.4,133.4
2002-12-01,8.9,4.1,98.1
2003-01-01,7.6,1.8,81.4
2003-02-01,8.4,0.6,17.3
2003-03-01,13.3,2.7,25.2
2003-04-01,15.3,4.6,36.8
2003-05-01,17.5,8.1,48.1
2003-06-01,22.4,11.8,55.5
2003-07-01,23.7,13.4,53.8
2003-08-01,25.5,13.5,3.0
2003-09-01,21.3,8.1,17.4
2003-10-01,14.0,3.9,31.7
2003-11-01,12.0,5.7,89.6
2003-12-01,8.7,1.8,70.7
2004-01-01,8.8,2.7,66.1
2004-02-01,8.7,2.9,25.5
2004-03-01,10.9,3.4,51.8
2004-04-01,14.7,6.2,68.8
2004-05-01,18.0,8.6,41.1
2004-06-01,21.8,12.0,23.8
2004-07-01,22.0,12.2,83.1
2004-08-01,23.4,14.2,135.0
2004-09-01,20.1,11.7,28.9
2004-10-01,14.7,8.6,131.4
2004-11-01,10.9,5.8,34.2
2004-12-01,8.6,2.8,37.7
2005-01-01,9.4,3.8,18.2
2005-02-01,7.3,2.1,20.0
2005-03-01,11.2,4.7,44.5
2005-04-01,14.3,5.7,50.2
2005-05-01,17.2,7.6,31.5
2005-06-01,21.6,12.0,93.4
2005-07-01,22.3,13.4,34.9
2005-08-01,23.1,12.2,31.3
2005-09-01,20.9,11.9,38.5
2005-10-01,17.1,10.9,53.4
2005-11-01,9.9,3.1,38.6
2005-12-01,7.7,1.8,50.2
2006-01-01,7.2,2.2,16.6
2006-02-01,6.6,0.8,33.0
2006-03-01,9.2,2.0,59.3
2006-04-01,13.9,5.4,36.3
2006-05-01,17.6,9.0,104.7
2006-06-01,23.1,11.7,5.3
2006-07-01,27.1,14.9,87.3
2006-08-01,21.8,13.1,58.7
2006-09-01,22.1,13.5,90.8
2006-10-01,17.2,10.6,118.0
2006-11-01,12.1,5.1,86.4
2006-12-01,9.4,4.3,68.7
2007-01-01,10.4,4.8,73.3
2007-02-01,9.7,3.7,81.0
2007-03-01,12.0,3.7,36.9
2007-04-01,17.8,5.6,1.8
2007-05-01,17.5,7.1,135.2
2007-06-01,20.5,11.3,78.8
2007-07-01,20.6,12.2,105.5
2007-08-01,21.7,12.0,38.2
2007-09-01,19.2,10.3,17.7
2007-10-01,15.1,7.9,68.9
2007-11-01,11.3,4.3,56.0
2007-12-01,8.3,2.4,60.6
2008-01-01,10.3,4.7,81.6
2008-02-01,10.5,1.7,16.9
2008-03-01,10.6,3.5,90.3
2008-04-01,13.1,4.7,46.9
2008-05-01,18.7,9.5,106.6
2008-06-01,20.1,11.1,67.3
2008-07-01,22.0,12.8,90.0
2008-08-01,20.8,13.9,77.0
2008-09-01,17.8,10.2,73.5
2008-10-01,14.6,5.7,39.3
2008-11-01,10.1,4.8,94.2
2008-12-01,6.9,1.3,37.3
2009-01-01,6.3,0.2,47.8
2009-02-01,7.9,2.0,54.5
2009-03-01,12.4,3.2,20.2
2009-04-01,15.6,6.1,36.0
2009-05-01,18.2,8.3,44.8
2009-06-01,22.0,10.7,49.3
2009-07-01,22.4,13.1,72.8
2009-08-01,22.7,13.3,46.6
2009-09-01,20.2,10.6,9.0
2009-10-01,16.2,8.4,44.4
2009-11-01,12.5,7.0,105.2
2009-12-01,6.8,0.8,89.9
2010-01-01,4.7,-1.0,56.4
2010-02-01,7.1,1.3,79.8
2010-03-01,11.3,3.2,47.6
2010-04-01,15.8,4.9,25.5
2010-05-01,17.6,7.3,28.6
2010-06-01,23.0,11.1,34.5
2010-07-01,23.9,14.2,17.9
2010-08-01,21.4,12.1,146.2
2010-09-01,18.8,10.3,52.5
2010-10-01,14.5,7.4,43.4
2010-11-01,8.2,2.9,38.6
2010-12-01,2.7,-2.2,32.7
2011-01-01,7.0,1.9,58.8
2011-02-01,10.4,4.4,49.3
2011-03-01,12.4,3.2,9.3
2011-04-01,19.4,7.3,0.5
2011-05-01,18.9,8.4,42.5
2011-06-01,19.3,10.2,54.1
2011-07-01,21.4,10.2,43.1
2011-08-01,20.7,11.4,65.6
2011-09-01,20.7,10.7,31.8
2011-10-01,17.2,9.5,26.3
2011-11-01,13.5,6.3,28.4
2011-12-01,9.3,3.1,71.2
2012-01-01,9.8,3.6,34.6
2012-02-01,7.3,1.2,21.3
2012-03-01,14.0,3.6,24.3
2012-04-01,12.6,4.6,143.0
2012-05-01,17.7,9.7,55.5
2012-06-01,18.9,11.6,151.7
2012-07-01,20.5,12.6,100.0
2012-08-01,21.8,13.6,85.6
2012-09-01,18.4,9.2,57.6
2012-10-01,13.4,7.1,124.2
2012-11-01,10.1,4.2,83.3
2012-12-01,8.6,2.6,103.3
2013-01-01,6.4,1.9,58.5
2013-02-01,6.2,0.9,47.4
2013-03-01,6.3,0.2,76.6
2013-04-01,12.9,3.9,24.8
2013-05-01,15.9,6.7,66.2
2013-06-01,19.3,10.2,17.3
2013-07-01,25.5,13.9,45.7
2013-08-01,23.1,13.1,19.3
2013-09-01,19.0,9.9,40.6
2013-10-01,16.3,9.9,86.5
2013-11-01,9.9,3.8,55.2
2013-12-01,10.0,3.6,97.7
2014-01-01,9.3,3.5,146.9
2014-02-01,9.7,4.2,90.1
2014-03-01,12.8,3.5,39.2
2014-04-01,15.0,6.4,50.2
2014-05-01,17.1,8.9,90.3
2014-06-01,21.5,11.8,36.9
2014-07-01,24.9,13.5,45.5
2014-08-01,20.8,11.7,85.6
2014-09-01,21.1,11.4,4.1
2014-10-01,16.8,9.9,65.6
2014-11-01,11.5,5.7,98.6
2014-12-01,8.7,2.4,44.0
